Id,ActivityTypeOrg,ActivityType,Executable,DisplayText,ContentInfo,Payload,ClipboardPayload,StartTime,EndTime,Duration,LastModifiedTime,LastModifiedTimeOnClient,CreatedTime,ExpirationTime,OperationExpirationTime,OperationOrder,AppId,OperationType,Description,PlatformDeviceId,DevicePlatform,TimeZone
a94f8b1e-06b7-6b1c-e085-8feffe145a80,11,11,MicrosoftDevice.Apps.InstalledApps,,,(Binary data),,2024-12-06 10:08:26,,,2024-12-06 10:08:26,2024-12-06 10:08:27,2024-12-06 10:08:26,2031-12-05 10:08:27,2024-12-06 10:07:26,3,"[{""application"":""MicrosoftDevice.Apps.InstalledApps"",""platform"":""data_boundary""},{""application"":"""",""platform"":""packageId""},{""application"":"""",""platform"":""alternateId""}]",1,,Fb0thJC0eQBIU7PLHIsPHoOV0SweolFTycQ2eKYtSg0=,,
a563fc41-d743-e014-bdff-411abb7116ef,11,11,Microsoft.Default.Input,,,(Binary data),,2024-12-06 10:08:26,,,2024-12-06 10:08:26,2024-12-06 10:08:26,2024-12-06 10:08:26,2031-12-05 10:08:26,2024-12-06 10:07:26,5,"[{""application"":""Microsoft.Default.Input"",""platform"":""data_boundary""},{""application"":"""",""platform"":""packageId""},{""application"":"""",""platform"":""alternateId""}]",1,,Fb0thJC0eQBIU7PLHIsPHoOV0SweolFTycQ2eKYtSg0=,,
bfe65f95-3702-d062-dfb4-c1a9312854a4,11,11,MicrosoftDevice.Default.QuietHoursSettings,,,(Binary data),,2024-12-06 10:09:09,,,2024-12-06 10:09:09,2024-12-06 10:09:10,2024-12-06 10:09:09,2031-12-05 10:09:10,2024-12-06 10:08:09,7,"[{""application"":""MicrosoftDevice.Default.QuietHoursSettings"",""platform"":""data_boundary""},{""application"":"""",""platform"":""packageId""},{""application"":"""",""platform"":""alternateId""}]",1,,Fb0thJC0eQBIU7PLHIsPHoOV0SweolFTycQ2eKYtSg0=,,
4b517c4b-9d6b-2e12-8de5-96e9dea1bc1a,11,11,MicrosoftDevice.Default.QuietMoment,,,(Binary data),,2024-12-06 10:09:09,,,2024-12-06 10:09:09,2024-12-06 10:09:12,2024-12-06 10:09:09,2031-12-05 10:09:12,2024-12-06 10:08:09,8,"[{""application"":""MicrosoftDevice.Default.QuietMoment"",""platform"":""data_boundary""},{""application"":"""",""platform"":""packageId""},{""application"":"""",""platform"":""alternateId""}]",1,,Fb0thJC0eQBIU7PLHIsPHoOV0SweolFTycQ2eKYtSg0=,,
fc3e74c0-6b66-8194-6818-9889a3877e64,11,11,MicrosoftDevice.Default.QuietMoment,,,(Binary data),,2024-12-06 10:09:09,,,2024-12-06 10:09:09,2024-12-06 10:09:14,2024-12-06 10:09:09,2031-12-05 10:09:14,2024-12-06 10:08:09,9,"[{""application"":""MicrosoftDevice.Default.QuietMoment"",""platform"":""data_boundary""},{""application"":"""",""platform"":""packageId""},{""application"":"""",""platform"":""alternateId""}]",1,,Fb0thJC0eQBIU7PLHIsPHoOV0SweolFTycQ2eKYtSg0=,,
8bd0075d-cc90-af11-4b35-279fddf077c5,11,11,MicrosoftDevice.Default.QuietMoment,,,(Binary data),,2024-12-06 10:09:09,,,2024-12-06 10:09:09,2024-12-06 10:09:18,2024-12-06 10:09:09,2031-12-05 10:09:18,2024-12-06 10:08:09,12,"[{""application"":""MicrosoftDevice.Default.QuietMoment"",""platform"":""data_boundary""},{""application"":"""",""platform"":""packageId""},{""application"":"""",""platform"":""alternateId""}]",1,,Fb0thJC0eQBIU7PLHIsPHoOV0SweolFTycQ2eKYtSg0=,,
726f3a49-e24d-bc63-2a33-92409ed3eaeb,11,11,MicrosoftDevice.Default.QuietMoment,,,(Binary data),,2024-12-06 10:09:10,,,2024-12-06 10:09:10,2024-12-06 10:09:22,2024-12-06 10:09:10,2031-12-05 10:09:22,2024-12-06 10:08:10,13,"[{""application"":""MicrosoftDevice.Default.QuietMoment"",""platform"":""data_boundary""},{""application"":"""",""platform"":""packageId""},{""application"":"""",""platform"":""alternateId""}]",1,,Fb0thJC0eQBIU7PLHIsPHoOV0SweolFTycQ2eKYtSg0=,,
2414dc00-c362-d844-b2c8-560c35e97616,11,11,MicrosoftDevice.Default.QuietMoment,,,(Binary data),,2024-12-06 10:09:10,,,2024-12-06 10:09:10,2024-12-06 10:09:24,2024-12-06 10:09:10,2031-12-05 10:09:24,2024-12-06 10:08:10,14,"[{""application"":""MicrosoftDevice.Default.QuietMoment"",""platform"":""data_boundary""},{""application"":"""",""platform"":""packageId""},{""application"":"""",""platform"":""alternateId""}]",1,,Fb0thJC0eQBIU7PLHIsPHoOV0SweolFTycQ2eKYtSg0=,,
c66050c2-1582-b0bd-2858-d0a058805db5,11,11,MicrosoftDevice.Default.QuietMoment,,,(Binary data),,2024-12-06 10:09:10,,,2024-12-06 10:09:10,2024-12-06 10:09:28,2024-12-06 10:09:10,2031-12-05 10:09:28,2024-12-06 10:08:10,16,"[{""application"":""MicrosoftDevice.Default.QuietMoment"",""platform"":""data_boundary""},{""application"":"""",""platform"":""packageId""},{""application"":"""",""platform"":""alternateId""}]",1,,Fb0thJC0eQBIU7PLHIsPHoOV0SweolFTycQ2eKYtSg0=,,
1e45de26-173b-5bee-d4c9-9381cdf27d18,11,11,MicrosoftDevice.Default.QuietMoment,,,(Binary data),,2024-12-06 10:09:10,,,2024-12-06 10:09:10,2024-12-06 10:09:30,2024-12-06 10:09:10,2031-12-05 10:09:30,2024-12-06 10:08:10,17,"[{""application"":""MicrosoftDevice.Default.QuietMoment"",""platform"":""data_boundary""},{""application"":"""",""platform"":""packageId""},{""application"":"""",""platform"":""alternateId""}]",1,,Fb0thJC0eQBIU7PLHIsPHoOV0SweolFTycQ2eKYtSg0=,,
3e08af4b-ad67-314f-6ee7-f4cbedc3e610,11,11,MicrosoftDevice.Default.QuietHoursProfile,,,(Binary data),,2024-12-06 10:09:10,,,2024-12-06 10:09:10,2024-12-06 10:09:32,2024-12-06 10:09:10,2031-12-05 10:09:32,2024-12-06 10:08:10,18,"[{""application"":""MicrosoftDevice.Default.QuietHoursProfile"",""platform"":""data_boundary""},{""application"":"""",""platform"":""packageId""},{""application"":"""",""platform"":""alternateId""}]",1,,Fb0thJC0eQBIU7PLHIsPHoOV0SweolFTycQ2eKYtSg0=,,
0512b351-0b16-176f-4f5f-cd54312fd0a0,11,11,MicrosoftDevice.Default.QuietHoursProfile,,,(Binary data),,2024-12-06 10:09:10,,,2024-12-06 10:09:10,2024-12-06 10:09:34,2024-12-06 10:09:10,2031-12-05 10:09:34,2024-12-06 10:08:10,19,"[{""application"":""MicrosoftDevice.Default.QuietHoursProfile"",""platform"":""data_boundary""},{""application"":"""",""platform"":""packageId""},{""application"":"""",""platform"":""alternateId""}]",1,,Fb0thJC0eQBIU7PLHIsPHoOV0SweolFTycQ2eKYtSg0=,,
2f695da0-7351-e964-eea0-11d04f8aa19d,11,11,MicrosoftDevice.Default.QuietHoursProfile,,,(Binary data),,2024-12-06 10:09:10,,,2024-12-06 10:09:10,2024-12-06 10:09:36,2024-12-06 10:09:10,2031-12-05 10:09:36,2024-12-06 10:08:10,20,"[{""application"":""MicrosoftDevice.Default.QuietHoursProfile"",""platform"":""data_boundary""},{""application"":"""",""platform"":""packageId""},{""application"":"""",""platform"":""alternateId""}]",1,,Fb0thJC0eQBIU7PLHIsPHoOV0SweolFTycQ2eKYtSg0=,,
c097b676-7c29-edf0-9e2d-d1608e19923a,11,11,MicrosoftDevice.Apps.InstalledApps,,,(Binary data),,2024-12-06 10:09:49,,,2024-12-06 10:09:49,2024-12-06 10:10:00,2024-12-06 10:09:49,2031-12-05 10:10:00,2024-12-06 10:08:49,25,"[{""application"":""MicrosoftDevice.Apps.InstalledApps"",""platform"":""data_boundary""},{""application"":"""",""platform"":""packageId""},{""application"":"""",""platform"":""alternateId""}]",1,,Fb0thJC0eQBIU7PLHIsPHoOV0SweolFTycQ2eKYtSg0=,,
e28e09fb-1f6c-99e5-c515-81335742008d,12,12,Microsoft.Credentials.WiFi,,,(Binary data),,2024-12-06 10:11:55,,,2024-12-06 10:11:55,2024-12-06 09:57:36,2024-12-06 10:11:55,2031-12-05 09:57:36,2024-12-06 10:10:55,34,"[{""application"":""Microsoft.Credentials.WiFi"",""platform"":""data_boundary""},{""application"":"""",""platform"":""packageId""},{""application"":"""",""platform"":""alternateId""}]",1,,Fb0thJC0eQBIU7PLHIsPHoOV0SweolFTycQ2eKYtSg0=,,
e7a76929-5065-4d66-94ab-bd1a12316e1f,12,12,Microsoft.Credentials.WiFi,,,(Binary data),,2024-12-06 10:11:55,,,2024-12-06 10:11:55,2024-12-06 09:57:36,2024-12-06 10:11:55,2031-12-05 09:57:36,2024-12-06 10:10:55,35,"[{""application"":""Microsoft.Credentials.WiFi"",""platform"":""data_boundary""},{""application"":"""",""platform"":""packageId""},{""application"":"""",""platform"":""alternateId""}]",1,,Fb0thJC0eQBIU7PLHIsPHoOV0SweolFTycQ2eKYtSg0=,,
b5d03adf-8d17-53b2-fdf0-9b90a37ac604,12,12,Microsoft.Credentials.WiFi,,,(Binary data),,2024-12-06 10:11:55,,,2024-12-06 10:11:55,2024-12-06 09:57:36,2024-12-06 10:11:55,2031-12-05 09:57:36,2024-12-06 10:10:55,36,"[{""application"":""Microsoft.Credentials.WiFi"",""platform"":""data_boundary""},{""application"":"""",""platform"":""packageId""},{""application"":"""",""platform"":""alternateId""}]",1,,Fb0thJC0eQBIU7PLHIsPHoOV0SweolFTycQ2eKYtSg0=,,
2fbc341d-da3d-778a-7df5-c5cee02bee15,11,11,Microsoft.Credentials.WiFi,,,(Binary data),,2024-12-06 10:11:56,,,2024-12-06 10:11:56,2024-12-06 10:11:55,2024-12-06 10:11:56,2031-12-05 10:11:55,2024-12-06 10:10:56,37,"[{""application"":""Microsoft.Credentials.WiFi"",""platform"":""data_boundary""},{""application"":"""",""platform"":""packageId""},{""application"":"""",""platform"":""alternateId""}]",1,,Fb0thJC0eQBIU7PLHIsPHoOV0SweolFTycQ2eKYtSg0=,,
a6ef96cc-c780-2fd5-bca5-0de6b4362056,11,11,Microsoft.Credentials.WiFi,,,(Binary data),,2024-12-06 10:11:56,,,2024-12-06 10:11:56,2024-12-06 10:11:56,2024-12-06 10:11:56,2031-12-05 10:11:56,2024-12-06 10:10:56,38,"[{""application"":""Microsoft.Credentials.WiFi"",""platform"":""data_boundary""},{""application"":"""",""platform"":""packageId""},{""application"":"""",""platform"":""alternateId""}]",1,,Fb0thJC0eQBIU7PLHIsPHoOV0SweolFTycQ2eKYtSg0=,,
a5d680f3-45c5-9335-b16a-4cf150af893a,11,11,Microsoft.Credentials.WiFi,,,(Binary data),,2024-12-06 10:11:56,,,2024-12-06 10:11:56,2024-12-06 10:11:57,2024-12-06 10:11:56,2031-12-05 10:11:57,2024-12-06 10:10:56,39,"[{""application"":""Microsoft.Credentials.WiFi"",""platform"":""data_boundary""},{""application"":"""",""platform"":""packageId""},{""application"":"""",""platform"":""alternateId""}]",1,,Fb0thJC0eQBIU7PLHIsPHoOV0SweolFTycQ2eKYtSg0=,,
17593d6b-746c-1914-73c9-f9082281eeaf,11,11,Microsoft.Credentials.WiFi,,,(Binary data),,2024-12-06 10:11:56,,,2024-12-06 10:11:56,2024-12-06 10:11:58,2024-12-06 10:11:56,2031-12-05 10:11:58,2024-12-06 10:10:56,40,"[{""application"":""Microsoft.Credentials.WiFi"",""platform"":""data_boundary""},{""application"":"""",""platform"":""packageId""},{""application"":"""",""platform"":""alternateId""}]",1,,Fb0thJC0eQBIU7PLHIsPHoOV0SweolFTycQ2eKYtSg0=,,
e7bd5d14-01d4-3d8c-bb97-88107f1f4165,11,11,Microsoft.Credentials.WiFi,,,(Binary data),,2024-12-06 10:11:56,,,2024-12-06 10:11:56,2024-12-06 10:11:59,2024-12-06 10:11:56,2031-12-05 10:11:59,2024-12-06 10:10:56,41,"[{""application"":""Microsoft.Credentials.WiFi"",""platform"":""data_boundary""},{""application"":"""",""platform"":""packageId""},{""application"":"""",""platform"":""alternateId""}]",1,,Fb0thJC0eQBIU7PLHIsPHoOV0SweolFTycQ2eKYtSg0=,,
de950e1a-c19b-8879-8b13-2afe5cc4a6e5,11,11,Microsoft.Credentials.WiFi,,,(Binary data),,2024-12-06 10:11:56,,,2024-12-06 10:11:56,2024-12-06 10:12:00,2024-12-06 10:11:56,2031-12-05 10:12:00,2024-12-06 10:10:56,42,"[{""application"":""Microsoft.Credentials.WiFi"",""platform"":""data_boundary""},{""application"":"""",""platform"":""packageId""},{""application"":"""",""platform"":""alternateId""}]",1,,Fb0thJC0eQBIU7PLHIsPHoOV0SweolFTycQ2eKYtSg0=,,
9465417a-0a55-e64c-f496-c4e6b840daf1,11,11,Microsoft.Credentials.WiFi,,,(Binary data),,2024-12-06 10:11:57,,,2024-12-06 10:11:57,2024-12-06 10:12:01,2024-12-06 10:11:57,2031-12-05 10:12:01,2024-12-06 10:10:57,43,"[{""application"":""Microsoft.Credentials.WiFi"",""platform"":""data_boundary""},{""application"":"""",""platform"":""packageId""},{""application"":"""",""platform"":""alternateId""}]",1,,Fb0thJC0eQBIU7PLHIsPHoOV0SweolFTycQ2eKYtSg0=,,
19d5a5d5-3a0c-0b99-afeb-fd7fabe44631,11,11,Microsoft.Credentials.WiFi,,,(Binary data),,2024-12-06 10:11:57,,,2024-12-06 10:11:57,2024-12-06 10:12:02,2024-12-06 10:11:57,2031-12-05 10:12:02,2024-12-06 10:10:57,44,"[{""application"":""Microsoft.Credentials.WiFi"",""platform"":""data_boundary""},{""application"":"""",""platform"":""packageId""},{""application"":"""",""platform"":""alternateId""}]",1,,Fb0thJC0eQBIU7PLHIsPHoOV0SweolFTycQ2eKYtSg0=,,
476f5620-120f-36e2-b43c-5142662bfbdb,11,11,Microsoft.Credentials.WiFi,,,(Binary data),,2024-12-06 10:11:57,,,2024-12-06 10:11:57,2024-12-06 10:12:03,2024-12-06 10:11:57,2031-12-05 10:12:03,2024-12-06 10:10:57,45,"[{""application"":""Microsoft.Credentials.WiFi"",""platform"":""data_boundary""},{""application"":"""",""platform"":""packageId""},{""application"":"""",""platform"":""alternateId""}]",1,,Fb0thJC0eQBIU7PLHIsPHoOV0SweolFTycQ2eKYtSg0=,,
1d8d978a-a46f-2614-9eed-8dfa374db560,11,11,Microsoft.Credentials.WiFi,,,(Binary data),,2024-12-06 10:11:57,,,2024-12-06 10:11:57,2024-12-06 10:12:04,2024-12-06 10:11:57,2031-12-05 10:12:04,2024-12-06 10:10:57,46,"[{""application"":""Microsoft.Credentials.WiFi"",""platform"":""data_boundary""},{""application"":"""",""platform"":""packageId""},{""application"":"""",""platform"":""alternateId""}]",1,,Fb0thJC0eQBIU7PLHIsPHoOV0SweolFTycQ2eKYtSg0=,,
269435e7-c310-504c-8d64-a39d44848250,11,11,Microsoft.Credentials.WiFi,,,(Binary data),,2024-12-06 10:11:57,,,2024-12-06 10:11:57,2024-12-06 10:12:05,2024-12-06 10:11:57,2031-12-05 10:12:05,2024-12-06 10:10:57,47,"[{""application"":""Microsoft.Credentials.WiFi"",""platform"":""data_boundary""},{""application"":"""",""platform"":""packageId""},{""application"":"""",""platform"":""alternateId""}]",1,,Fb0thJC0eQBIU7PLHIsPHoOV0SweolFTycQ2eKYtSg0=,,
bb49d5b9-0f74-2e7a-c598-487cb271b268,11,11,Microsoft.Credentials.WiFi,,,(Binary data),,2024-12-06 10:11:57,,,2024-12-06 10:11:57,2024-12-06 10:12:06,2024-12-06 10:11:57,2031-12-05 10:12:06,2024-12-06 10:10:57,48,"[{""application"":""Microsoft.Credentials.WiFi"",""platform"":""data_boundary""},{""application"":"""",""platform"":""packageId""},{""application"":"""",""platform"":""alternateId""}]",1,,Fb0thJC0eQBIU7PLHIsPHoOV0SweolFTycQ2eKYtSg0=,,
de6a11e8-b72a-0717-9ae0-fb8b80bb3dbe,11,11,Microsoft.Credentials.WiFi,,,(Binary data),,2024-12-06 10:11:58,,,2024-12-06 10:11:58,2024-12-06 10:12:07,2024-12-06 10:11:58,2031-12-05 10:12:07,2024-12-06 10:10:58,49,"[{""application"":""Microsoft.Credentials.WiFi"",""platform"":""data_boundary""},{""application"":"""",""platform"":""packageId""},{""application"":"""",""platform"":""alternateId""}]",1,,Fb0thJC0eQBIU7PLHIsPHoOV0SweolFTycQ2eKYtSg0=,,
6f13220f-95da-2bc1-de6b-6f231da9b1d9,11,11,Microsoft.Credentials.WiFi,,,(Binary data),,2024-12-06 10:11:58,,,2024-12-06 10:11:58,2024-12-06 10:12:08,2024-12-06 10:11:58,2031-12-05 10:12:08,2024-12-06 10:10:58,50,"[{""application"":""Microsoft.Credentials.WiFi"",""platform"":""data_boundary""},{""application"":"""",""platform"":""packageId""},{""application"":"""",""platform"":""alternateId""}]",1,,Fb0thJC0eQBIU7PLHIsPHoOV0SweolFTycQ2eKYtSg0=,,
0469b37b-2163-b6b4-7529-7f57cd75b332,11,11,Microsoft.Credentials.WiFi,,,(Binary data),,2024-12-06 10:11:58,,,2024-12-06 10:11:58,2024-12-06 10:12:09,2024-12-06 10:11:58,2031-12-05 10:12:09,2024-12-06 10:10:58,51,"[{""application"":""Microsoft.Credentials.WiFi"",""platform"":""data_boundary""},{""application"":"""",""platform"":""packageId""},{""application"":"""",""platform"":""alternateId""}]",1,,Fb0thJC0eQBIU7PLHIsPHoOV0SweolFTycQ2eKYtSg0=,,
b9b2aa74-7dc3-8259-85f9-be9befbd8230,11,11,Microsoft.Credentials.WiFi,,,(Binary data),,2024-12-06 10:11:58,,,2024-12-06 10:11:58,2024-12-06 10:12:10,2024-12-06 10:11:58,2031-12-05 10:12:10,2024-12-06 10:10:58,52,"[{""application"":""Microsoft.Credentials.WiFi"",""platform"":""data_boundary""},{""application"":"""",""platform"":""packageId""},{""application"":"""",""platform"":""alternateId""}]",1,,Fb0thJC0eQBIU7PLHIsPHoOV0SweolFTycQ2eKYtSg0=,,
4bd8979b-9762-6e6d-12b8-188dca4d0095,11,11,Microsoft.Credentials.WiFi,,,(Binary data),,2024-12-06 10:11:58,,,2024-12-06 10:11:58,2024-12-06 10:12:11,2024-12-06 10:11:58,2031-12-05 10:12:11,2024-12-06 10:10:58,53,"[{""application"":""Microsoft.Credentials.WiFi"",""platform"":""data_boundary""},{""application"":"""",""platform"":""packageId""},{""application"":"""",""platform"":""alternateId""}]",1,,Fb0thJC0eQBIU7PLHIsPHoOV0SweolFTycQ2eKYtSg0=,,
0c6ea66c-5510-eb93-40db-022089fc07d1,11,11,Microsoft.Credentials.WiFi,,,(Binary data),,2024-12-06 10:11:58,,,2024-12-06 10:11:58,2024-12-06 10:12:12,2024-12-06 10:11:58,2031-12-05 10:12:12,2024-12-06 10:10:58,54,"[{""application"":""Microsoft.Credentials.WiFi"",""platform"":""data_boundary""},{""application"":"""",""platform"":""packageId""},{""application"":"""",""platform"":""alternateId""}]",1,,Fb0thJC0eQBIU7PLHIsPHoOV0SweolFTycQ2eKYtSg0=,,
a9addf78-66b1-46ee-c4ff-22f17f366fd8,11,11,Microsoft.Credentials.WiFi,,,(Binary data),,2024-12-06 10:11:59,,,2024-12-06 10:11:59,2024-12-06 10:12:13,2024-12-06 10:11:59,2031-12-05 10:12:13,2024-12-06 10:10:59,55,"[{""application"":""Microsoft.Credentials.WiFi"",""platform"":""data_boundary""},{""application"":"""",""platform"":""packageId""},{""application"":"""",""platform"":""alternateId""}]",1,,Fb0thJC0eQBIU7PLHIsPHoOV0SweolFTycQ2eKYtSg0=,,
a2812c06-5805-eed3-c54b-354caa5bedce,11,11,MicrosoftDevice.Apps.InstalledApps,,,(Binary data),,2024-12-06 10:26:27,,,2024-12-06 10:26:27,2024-12-06 10:28:46,2024-12-06 10:27:57,2031-12-05 10:28:46,2024-12-06 10:26:57,70,"[{""application"":""MicrosoftDevice.Apps.InstalledApps"",""platform"":""data_boundary""},{""application"":"""",""platform"":""packageId""},{""application"":"""",""platform"":""alternateId""}]",1,,Fb0thJC0eQBIU7PLHIsPHoOV0SweolFTycQ2eKYtSg0=,,
4ef7cae5-3b6b-e54c-6e26-ee7ce5ddb7ff,11,11,MicrosoftDevice.Apps.InstalledApps,,,(Binary data),,2024-12-06 10:27:58,,,2024-12-06 10:27:58,2024-12-06 10:28:48,2024-12-06 10:27:58,2031-12-05 10:28:48,2024-12-06 10:26:58,71,"[{""application"":""MicrosoftDevice.Apps.InstalledApps"",""platform"":""data_boundary""},{""application"":"""",""platform"":""packageId""},{""application"":"""",""platform"":""alternateId""}]",1,,Fb0thJC0eQBIU7PLHIsPHoOV0SweolFTycQ2eKYtSg0=,,
34d4f549-70d9-daf9-db5d-990cf80f4212,11,11,MicrosoftDevice.Apps.InstalledApps,,,(Binary data),,2024-12-06 10:26:27,,,2024-12-06 10:26:27,2024-12-06 10:28:52,2024-12-06 10:27:58,2031-12-05 10:28:52,2024-12-06 10:26:59,73,"[{""application"":""MicrosoftDevice.Apps.InstalledApps"",""platform"":""data_boundary""},{""application"":"""",""platform"":""packageId""},{""application"":"""",""platform"":""alternateId""}]",1,,Fb0thJC0eQBIU7PLHIsPHoOV0SweolFTycQ2eKYtSg0=,,
a52f91ea-35d5-5c33-9a9a-8a4a7a7fe534,11,11,MicrosoftDevice.Apps.InstalledApps,,,(Binary data),,2024-12-06 10:27:59,,,2024-12-06 10:27:59,2024-12-06 10:28:54,2024-12-06 10:27:59,2031-12-05 10:28:54,2024-12-06 10:26:59,74,"[{""application"":""MicrosoftDevice.Apps.InstalledApps"",""platform"":""data_boundary""},{""application"":"""",""platform"":""packageId""},{""application"":"""",""platform"":""alternateId""}]",1,,Fb0thJC0eQBIU7PLHIsPHoOV0SweolFTycQ2eKYtSg0=,,
d1031ba1-fa2c-6f0f-53c4-6e837c8a06b5,11,11,MicrosoftDevice.Apps.InstalledApps,,,(Binary data),,2024-12-06 10:26:27,,,2024-12-06 10:26:27,2024-12-06 10:28:58,2024-12-06 10:28:00,2031-12-05 10:28:58,2024-12-06 10:27:00,76,"[{""application"":""MicrosoftDevice.Apps.InstalledApps"",""platform"":""data_boundary""},{""application"":"""",""platform"":""packageId""},{""application"":"""",""platform"":""alternateId""}]",1,,Fb0thJC0eQBIU7PLHIsPHoOV0SweolFTycQ2eKYtSg0=,,
8d4747ec-198f-5aa6-d4a2-d84241c72ad7,11,11,MicrosoftDevice.Apps.InstalledApps,,,(Binary data),,2024-12-06 10:28:01,,,2024-12-06 10:28:01,2024-12-06 10:29:00,2024-12-06 10:28:01,2031-12-05 10:29:00,2024-12-06 10:27:01,77,"[{""application"":""MicrosoftDevice.Apps.InstalledApps"",""platform"":""data_boundary""},{""application"":"""",""platform"":""packageId""},{""application"":"""",""platform"":""alternateId""}]",1,,Fb0thJC0eQBIU7PLHIsPHoOV0SweolFTycQ2eKYtSg0=,,
bb731b12-abdf-ecd9-a115-9d603bc1a615,11,11,MicrosoftDevice.Apps.InstalledApps,,,(Binary data),,2024-12-06 10:26:27,,,2024-12-06 10:26:27,2024-12-06 10:29:10,2024-12-06 10:28:04,2031-12-05 10:29:10,2024-12-06 10:27:04,82,"[{""application"":""MicrosoftDevice.Apps.InstalledApps"",""platform"":""data_boundary""},{""application"":"""",""platform"":""packageId""},{""application"":"""",""platform"":""alternateId""}]",1,,Fb0thJC0eQBIU7PLHIsPHoOV0SweolFTycQ2eKYtSg0=,,
da91ba1a-8c7a-341d-4f94-cfdf7b83c6f8,11,11,MicrosoftDevice.Apps.InstalledApps,,,(Binary data),,2024-12-06 10:28:05,,,2024-12-06 10:28:05,2024-12-06 10:29:12,2024-12-06 10:28:05,2031-12-05 10:29:12,2024-12-06 10:27:05,83,"[{""application"":""MicrosoftDevice.Apps.InstalledApps"",""platform"":""data_boundary""},{""application"":"""",""platform"":""packageId""},{""application"":"""",""platform"":""alternateId""}]",1,,Fb0thJC0eQBIU7PLHIsPHoOV0SweolFTycQ2eKYtSg0=,,
22f90aa9-7079-92d2-10c1-586d3cae77ee,11,11,MicrosoftDevice.Apps.InstalledApps,,,(Binary data),,2024-12-06 10:26:27,,,2024-12-06 10:26:27,2024-12-06 10:29:16,2024-12-06 10:28:06,2031-12-05 10:29:16,2024-12-06 10:27:06,85,"[{""application"":""MicrosoftDevice.Apps.InstalledApps"",""platform"":""data_boundary""},{""application"":"""",""platform"":""packageId""},{""application"":"""",""platform"":""alternateId""}]",1,,Fb0thJC0eQBIU7PLHIsPHoOV0SweolFTycQ2eKYtSg0=,,
bf77543a-ac69-f41e-623f-611aa8979418,11,11,MicrosoftDevice.Apps.InstalledApps,,,(Binary data),,2024-12-06 10:28:07,,,2024-12-06 10:28:07,2024-12-06 10:29:18,2024-12-06 10:28:07,2031-12-05 10:29:18,2024-12-06 10:27:07,86,"[{""application"":""MicrosoftDevice.Apps.InstalledApps"",""platform"":""data_boundary""},{""application"":"""",""platform"":""packageId""},{""application"":"""",""platform"":""alternateId""}]",1,,Fb0thJC0eQBIU7PLHIsPHoOV0SweolFTycQ2eKYtSg0=,,
7b065f94-c5bc-5990-db50-3403ddea85c2,11,11,MicrosoftDevice.Apps.InstalledApps,,,(Binary data),,2024-12-06 10:26:27,,,2024-12-06 10:26:27,2024-12-06 10:29:22,2024-12-06 10:28:07,2031-12-05 10:29:22,2024-12-06 10:27:07,88,"[{""application"":""MicrosoftDevice.Apps.InstalledApps"",""platform"":""data_boundary""},{""application"":"""",""platform"":""packageId""},{""application"":"""",""platform"":""alternateId""}]",1,,Fb0thJC0eQBIU7PLHIsPHoOV0SweolFTycQ2eKYtSg0=,,
ebbe6b20-c0c5-2530-705b-e4b0b0af6128,11,11,MicrosoftDevice.Apps.InstalledApps,,,(Binary data),,2024-12-06 10:28:08,,,2024-12-06 10:28:08,2024-12-06 10:29:24,2024-12-06 10:28:08,2031-12-05 10:29:24,2024-12-06 10:27:08,89,"[{""application"":""MicrosoftDevice.Apps.InstalledApps"",""platform"":""data_boundary""},{""application"":"""",""platform"":""packageId""},{""application"":"""",""platform"":""alternateId""}]",1,,Fb0thJC0eQBIU7PLHIsPHoOV0SweolFTycQ2eKYtSg0=,,
8c586ff2-e781-f42a-33e3-346c34a86e6b,11,11,MicrosoftDevice.Apps.InstalledApps,,,(Binary data),,2024-12-06 10:41:25,,,2024-12-06 10:41:25,2024-12-06 10:41:25,2024-12-06 10:41:25,2031-12-05 10:41:25,2024-12-06 10:40:25,95,"[{""application"":""MicrosoftDevice.Apps.InstalledApps"",""platform"":""data_boundary""},{""application"":"""",""platform"":""packageId""},{""application"":"""",""platform"":""alternateId""}]",1,,Fb0thJC0eQBIU7PLHIsPHoOV0SweolFTycQ2eKYtSg0=,,
338f83f9-c636-4398-f461-2bca754b2116,11,11,MicrosoftDevice.Apps.InstalledApps,,,(Binary data),,2024-12-06 13:06:10,,,2024-12-06 13:06:10,2024-12-06 13:12:11,2024-12-06 13:12:11,2031-12-05 13:12:11,2024-12-06 13:11:11,111,"[{""application"":""MicrosoftDevice.Apps.InstalledApps"",""platform"":""data_boundary""},{""application"":"""",""platform"":""packageId""},{""application"":"""",""platform"":""alternateId""}]",1,,Fb0thJC0eQBIU7PLHIsPHoOV0SweolFTycQ2eKYtSg0=,,
6d9c81b7-447a-b234-2573-f386cedc602e,11,11,MicrosoftDevice.Apps.InstalledApps,,,(Binary data),,2024-12-06 13:11:49,,,2024-12-06 13:11:49,2024-12-06 13:17:49,2024-12-06 13:17:49,2031-12-05 13:17:49,2024-12-06 13:16:49,113,"[{""application"":""MicrosoftDevice.Apps.InstalledApps"",""platform"":""data_boundary""},{""application"":"""",""platform"":""packageId""},{""application"":"""",""platform"":""alternateId""}]",1,,Fb0thJC0eQBIU7PLHIsPHoOV0SweolFTycQ2eKYtSg0=,,
648f44c9-87f1-0cab-200c-bc6328e6e18f,11,11,MicrosoftDevice.Apps.InstalledApps,,,(Binary data),,2024-12-06 13:11:49,,,2024-12-06 13:11:49,2024-12-06 13:17:50,2024-12-06 13:17:49,2031-12-05 13:17:50,2024-12-06 13:16:49,114,"[{""application"":""MicrosoftDevice.Apps.InstalledApps"",""platform"":""data_boundary""},{""application"":"""",""platform"":""packageId""},{""application"":"""",""platform"":""alternateId""}]",1,,Fb0thJC0eQBIU7PLHIsPHoOV0SweolFTycQ2eKYtSg0=,,
f13235bb-24d1-feca-536a-48b9ea821ccc,11,11,MicrosoftDevice.Apps.InstalledApps,,,(Binary data),,2024-12-06 13:23:25,,,2024-12-06 13:23:25,2024-12-06 13:24:25,2024-12-06 13:24:25,2031-12-05 13:24:25,2024-12-06 13:23:25,119,"[{""application"":""MicrosoftDevice.Apps.InstalledApps"",""platform"":""data_boundary""},{""application"":"""",""platform"":""packageId""},{""application"":"""",""platform"":""alternateId""}]",1,,Fb0thJC0eQBIU7PLHIsPHoOV0SweolFTycQ2eKYtSg0=,,
f6b2609e-de39-d593-1a8a-60b04d632a84,11,11,MicrosoftDevice.Apps.InstalledApps,,,(Binary data),,2024-12-06 13:23:25,,,2024-12-06 13:23:25,2024-12-06 13:24:27,2024-12-06 13:24:25,2031-12-05 13:24:27,2024-12-06 13:23:25,120,"[{""application"":""MicrosoftDevice.Apps.InstalledApps"",""platform"":""data_boundary""},{""application"":"""",""platform"":""packageId""},{""application"":"""",""platform"":""alternateId""}]",1,,Fb0thJC0eQBIU7PLHIsPHoOV0SweolFTycQ2eKYtSg0=,,
2ba557af-5da3-55f8-a26a-cf2a6fc1421a,11,11,MicrosoftDevice.Apps.InstalledApps,,,(Binary data),,2024-12-06 13:12:00,,,2024-12-06 13:12:00,2024-12-10 05:34:55,2024-12-10 05:34:55,2031-12-09 05:34:55,2024-12-10 05:33:55,122,"[{""application"":""MicrosoftDevice.Apps.InstalledApps"",""platform"":""data_boundary""},{""application"":"""",""platform"":""packageId""},{""application"":"""",""platform"":""alternateId""}]",1,,Fb0thJC0eQBIU7PLHIsPHoOV0SweolFTycQ2eKYtSg0=,,
c4de217b-325a-4ad9-7654-2216cb15389c,11,11,MicrosoftDevice.Apps.InstalledApps,,,(Binary data),,2024-12-10 05:44:49,,,2024-12-10 05:44:49,2024-12-10 05:44:53,2024-12-10 05:44:49,2031-12-09 05:44:53,2024-12-10 05:43:49,124,"[{""application"":""MicrosoftDevice.Apps.InstalledApps"",""platform"":""data_boundary""},{""application"":"""",""platform"":""packageId""},{""application"":"""",""platform"":""alternateId""}]",1,,Fb0thJC0eQBIU7PLHIsPHoOV0SweolFTycQ2eKYtSg0=,,
35e13fe0-ab16-34e0-b277-83ac7c2313ca,11,11,MicrosoftDevice.Apps.InstalledApps,,,(Binary data),,2024-12-10 05:44:54,,,2024-12-10 05:44:54,2024-12-10 05:46:35,2024-12-10 05:44:54,2031-12-09 05:46:35,2024-12-10 05:43:54,146,"[{""application"":""MicrosoftDevice.Apps.InstalledApps"",""platform"":""data_boundary""},{""application"":"""",""platform"":""packageId""},{""application"":"""",""platform"":""alternateId""}]",1,,Fb0thJC0eQBIU7PLHIsPHoOV0SweolFTycQ2eKYtSg0=,,
e8975b55-89cc-ee1e-efe5-50f6112bc18b,11,11,MicrosoftDevice.Apps.InstalledApps,,,(Binary data),,2024-12-10 05:44:56,,,2024-12-10 05:44:56,2024-12-10 05:47:34,2024-12-10 05:44:56,2031-12-09 05:47:33,2024-12-10 05:43:56,155,"[{""application"":""MicrosoftDevice.Apps.InstalledApps"",""platform"":""data_boundary""},{""application"":"""",""platform"":""packageId""},{""application"":"""",""platform"":""alternateId""}]",1,,Fb0thJC0eQBIU7PLHIsPHoOV0SweolFTycQ2eKYtSg0=,,
b991814e-e9fe-6bc3-4fb0-abb60207021b,11,11,MicrosoftDevice.Apps.InstalledApps,,,(Binary data),,2024-12-10 05:44:56,,,2024-12-10 05:44:56,2024-12-10 05:47:40,2024-12-10 05:44:57,2031-12-09 05:47:39,2024-12-10 05:43:57,156,"[{""application"":""MicrosoftDevice.Apps.InstalledApps"",""platform"":""data_boundary""},{""application"":"""",""platform"":""packageId""},{""application"":"""",""platform"":""alternateId""}]",1,,Fb0thJC0eQBIU7PLHIsPHoOV0SweolFTycQ2eKYtSg0=,,
323bcea0-304b-460b-8aa3-8974bdce026a,11,11,MicrosoftDevice.Apps.InstalledApps,,,(Binary data),,2024-12-10 05:44:57,,,2024-12-10 05:44:57,2024-12-10 05:47:46,2024-12-10 05:44:57,2031-12-09 05:47:45,2024-12-10 05:43:57,157,"[{""application"":""MicrosoftDevice.Apps.InstalledApps"",""platform"":""data_boundary""},{""application"":"""",""platform"":""packageId""},{""application"":"""",""platform"":""alternateId""}]",1,,Fb0thJC0eQBIU7PLHIsPHoOV0SweolFTycQ2eKYtSg0=,,
a4d8225e-8ef5-20fa-2d31-543376e2a41b,11,11,MicrosoftDevice.Apps.InstalledApps,,,(Binary data),,2024-12-10 06:35:22,,,2024-12-10 06:35:22,2024-12-10 06:35:22,2024-12-10 06:35:22,2031-12-09 06:35:22,2024-12-10 06:34:22,159,"[{""application"":""MicrosoftDevice.Apps.InstalledApps"",""platform"":""data_boundary""},{""application"":"""",""platform"":""packageId""},{""application"":"""",""platform"":""alternateId""}]",1,,Fb0thJC0eQBIU7PLHIsPHoOV0SweolFTycQ2eKYtSg0=,,
a2c21ae4-2cbe-74a1-a99a-30f656523c58,11,11,MicrosoftDevice.Apps.InstalledApps,,,(Binary data),,2024-12-06 10:08:26,,,2024-12-06 10:08:26,2024-12-10 07:19:09,2024-12-10 07:19:09,2031-12-09 07:19:09,2024-12-10 07:18:09,163,"[{""application"":""MicrosoftDevice.Apps.InstalledApps"",""platform"":""data_boundary""},{""application"":"""",""platform"":""packageId""},{""application"":"""",""platform"":""alternateId""}]",1,,Fb0thJC0eQBIU7PLHIsPHoOV0SweolFTycQ2eKYtSg0=,,
7f9e637b-6b56-5189-42d9-3c459cf00f89,11,11,MicrosoftDevice.Apps.InstalledApps,,,(Binary data),,2024-12-06 10:09:09,,,2024-12-06 10:09:09,2024-12-10 07:19:11,2024-12-10 07:19:10,2031-12-09 07:19:11,2024-12-10 07:18:10,164,"[{""application"":""MicrosoftDevice.Apps.InstalledApps"",""platform"":""data_boundary""},{""application"":"""",""platform"":""packageId""},{""application"":"""",""platform"":""alternateId""}]",1,,Fb0thJC0eQBIU7PLHIsPHoOV0SweolFTycQ2eKYtSg0=,,
03b2f0b1-c745-14b2-d704-9a408ad8ffc7,11,11,MicrosoftDevice.Apps.InstalledApps,,,(Binary data),,2024-12-10 07:14:47,,,2024-12-10 07:14:47,2024-12-10 07:20:47,2024-12-10 07:20:47,2031-12-09 07:20:47,2024-12-10 07:19:47,165,"[{""application"":""MicrosoftDevice.Apps.InstalledApps"",""platform"":""data_boundary""},{""application"":"""",""platform"":""packageId""},{""application"":"""",""platform"":""alternateId""}]",1,,Fb0thJC0eQBIU7PLHIsPHoOV0SweolFTycQ2eKYtSg0=,,
a499d0d4-302b-a978-0825-5b6e06c426e2,11,11,MicrosoftDevice.Apps.InstalledApps,,,(Binary data),,2024-12-06 10:09:10,,,2024-12-06 10:09:10,2024-12-10 07:47:43,2024-12-10 07:47:43,2031-12-09 07:47:43,2024-12-10 07:46:43,166,"[{""application"":""MicrosoftDevice.Apps.InstalledApps"",""platform"":""data_boundary""},{""application"":"""",""platform"":""packageId""},{""application"":"""",""platform"":""alternateId""}]",1,,Fb0thJC0eQBIU7PLHIsPHoOV0SweolFTycQ2eKYtSg0=,,
a0ecfec2-98cc-79a1-74df-44bbf7c8e779,11,11,MicrosoftDevice.Apps.InstalledApps,,,(Binary data),,2024-12-06 10:09:10,,,2024-12-06 10:09:10,2024-12-10 07:47:45,2024-12-10 07:47:43,2031-12-09 07:47:45,2024-12-10 07:46:43,167,"[{""application"":""MicrosoftDevice.Apps.InstalledApps"",""platform"":""data_boundary""},{""application"":"""",""platform"":""packageId""},{""application"":"""",""platform"":""alternateId""}]",1,,Fb0thJC0eQBIU7PLHIsPHoOV0SweolFTycQ2eKYtSg0=,,
7cca8eae-80bd-8c0f-381d-527a88cfb7d0,11,11,MicrosoftDevice.Apps.InstalledApps,,,(Binary data),,2024-12-10 08:02:03,,,2024-12-10 08:02:03,2024-12-10 08:02:04,2024-12-10 08:02:03,2031-12-09 08:02:04,2024-12-10 08:01:03,169,"[{""application"":""MicrosoftDevice.Apps.InstalledApps"",""platform"":""data_boundary""},{""application"":"""",""platform"":""packageId""},{""application"":"""",""platform"":""alternateId""}]",1,,Fb0thJC0eQBIU7PLHIsPHoOV0SweolFTycQ2eKYtSg0=,,
53bbfdba-c935-d7f8-8420-be9f3e5d0cb6,11,11,MicrosoftDevice.Apps.InstalledApps,,,(Binary data),,2024-12-10 08:02:03,,,2024-12-10 08:02:03,2024-12-10 08:02:06,2024-12-10 08:02:03,2031-12-09 08:02:06,2024-12-10 08:01:03,170,"[{""application"":""MicrosoftDevice.Apps.InstalledApps"",""platform"":""data_boundary""},{""application"":"""",""platform"":""packageId""},{""application"":"""",""platform"":""alternateId""}]",1,,Fb0thJC0eQBIU7PLHIsPHoOV0SweolFTycQ2eKYtSg0=,,
28e35706-8b97-c520-5a45-1266c9d46a7b,11,11,MicrosoftDevice.Apps.InstalledApps,,,(Binary data),,2024-12-10 08:02:03,,,2024-12-10 08:02:03,2024-12-10 08:02:08,2024-12-10 08:02:03,2031-12-09 08:02:08,2024-12-10 08:01:03,171,"[{""application"":""MicrosoftDevice.Apps.InstalledApps"",""platform"":""data_boundary""},{""application"":"""",""platform"":""packageId""},{""application"":"""",""platform"":""alternateId""}]",1,,Fb0thJC0eQBIU7PLHIsPHoOV0SweolFTycQ2eKYtSg0=,,
b72bec56-7e94-d6ed-9a83-cf44fcca801a,11,11,MicrosoftDevice.Apps.InstalledApps,,,(Binary data),,2024-12-10 08:02:03,,,2024-12-10 08:02:03,2024-12-10 08:02:10,2024-12-10 08:02:03,2031-12-09 08:02:10,2024-12-10 08:01:03,172,"[{""application"":""MicrosoftDevice.Apps.InstalledApps"",""platform"":""data_boundary""},{""application"":"""",""platform"":""packageId""},{""application"":"""",""platform"":""alternateId""}]",1,,Fb0thJC0eQBIU7PLHIsPHoOV0SweolFTycQ2eKYtSg0=,,
331ed4e9-f038-0b87-7ad8-79f8b1f630f3,11,11,MicrosoftDevice.Apps.InstalledApps,,,(Binary data),,2024-12-10 08:02:04,,,2024-12-10 08:02:04,2024-12-10 08:02:12,2024-12-10 08:02:04,2031-12-09 08:02:12,2024-12-10 08:01:04,173,"[{""application"":""MicrosoftDevice.Apps.InstalledApps"",""platform"":""data_boundary""},{""application"":"""",""platform"":""packageId""},{""application"":"""",""platform"":""alternateId""}]",1,,Fb0thJC0eQBIU7PLHIsPHoOV0SweolFTycQ2eKYtSg0=,,
5e6eef72-c517-e2cb-537a-50147225cf7c,11,11,MicrosoftDevice.Apps.InstalledApps,,,(Binary data),,2024-12-10 08:02:04,,,2024-12-10 08:02:04,2024-12-10 08:02:14,2024-12-10 08:02:04,2031-12-09 08:02:14,2024-12-10 08:01:04,174,"[{""application"":""MicrosoftDevice.Apps.InstalledApps"",""platform"":""data_boundary""},{""application"":"""",""platform"":""packageId""},{""application"":"""",""platform"":""alternateId""}]",1,,Fb0thJC0eQBIU7PLHIsPHoOV0SweolFTycQ2eKYtSg0=,,
7d124980-f501-19fb-fb42-b829129b841c,11,11,MicrosoftDevice.Apps.InstalledApps,,,(Binary data),,2024-12-10 08:02:04,,,2024-12-10 08:02:04,2024-12-10 08:02:16,2024-12-10 08:02:04,2031-12-09 08:02:16,2024-12-10 08:01:04,175,"[{""application"":""MicrosoftDevice.Apps.InstalledApps"",""platform"":""data_boundary""},{""application"":"""",""platform"":""packageId""},{""application"":"""",""platform"":""alternateId""}]",1,,Fb0thJC0eQBIU7PLHIsPHoOV0SweolFTycQ2eKYtSg0=,,
8e1bb411-a538-935d-91ca-1d0136be4b64,11,11,MicrosoftDevice.Apps.InstalledApps,,,(Binary data),,2024-12-10 08:02:04,,,2024-12-10 08:02:04,2024-12-10 08:02:18,2024-12-10 08:02:04,2031-12-09 08:02:18,2024-12-10 08:01:04,176,"[{""application"":""MicrosoftDevice.Apps.InstalledApps"",""platform"":""data_boundary""},{""application"":"""",""platform"":""packageId""},{""application"":"""",""platform"":""alternateId""}]",1,,Fb0thJC0eQBIU7PLHIsPHoOV0SweolFTycQ2eKYtSg0=,,
1d62bd41-e72b-1e6b-884e-c25d9f593d2e,11,11,MicrosoftDevice.Apps.InstalledApps,,,(Binary data),,2024-12-10 08:02:06,,,2024-12-10 08:02:06,2024-12-10 08:02:22,2024-12-10 08:02:06,2031-12-09 08:02:22,2024-12-10 08:01:06,178,"[{""application"":""MicrosoftDevice.Apps.InstalledApps"",""platform"":""data_boundary""},{""application"":"""",""platform"":""packageId""},{""application"":"""",""platform"":""alternateId""}]",1,,Fb0thJC0eQBIU7PLHIsPHoOV0SweolFTycQ2eKYtSg0=,,
5b28cfd6-90e9-e91e-537b-97db96cd87ee,11,11,MicrosoftDevice.Apps.InstalledApps,,,(Binary data),,2024-12-10 08:02:06,,,2024-12-10 08:02:06,2024-12-10 08:02:24,2024-12-10 08:02:06,2031-12-09 08:02:24,2024-12-10 08:01:06,179,"[{""application"":""MicrosoftDevice.Apps.InstalledApps"",""platform"":""data_boundary""},{""application"":"""",""platform"":""packageId""},{""application"":"""",""platform"":""alternateId""}]",1,,Fb0thJC0eQBIU7PLHIsPHoOV0SweolFTycQ2eKYtSg0=,,
276dcf33-1e0e-14a2-04d0-fcc2f91a9d52,11,11,MicrosoftDevice.Apps.InstalledApps,,,(Binary data),,2024-12-10 08:02:07,,,2024-12-10 08:02:07,2024-12-10 08:02:26,2024-12-10 08:02:07,2031-12-09 08:02:26,2024-12-10 08:01:07,180,"[{""application"":""MicrosoftDevice.Apps.InstalledApps"",""platform"":""data_boundary""},{""application"":"""",""platform"":""packageId""},{""application"":"""",""platform"":""alternateId""}]",1,,Fb0thJC0eQBIU7PLHIsPHoOV0SweolFTycQ2eKYtSg0=,,
95ab1774-4a38-ca69-a94d-cea8d03413de,11,11,MicrosoftDevice.Apps.InstalledApps,,,(Binary data),,2024-12-10 08:02:07,,,2024-12-10 08:02:07,2024-12-10 08:02:28,2024-12-10 08:02:07,2031-12-09 08:02:28,2024-12-10 08:01:07,181,"[{""application"":""MicrosoftDevice.Apps.InstalledApps"",""platform"":""data_boundary""},{""application"":"""",""platform"":""packageId""},{""application"":"""",""platform"":""alternateId""}]",1,,Fb0thJC0eQBIU7PLHIsPHoOV0SweolFTycQ2eKYtSg0=,,
e3c302b5-3fa3-cb68-70cc-4d70e6dfc64f,11,11,MicrosoftDevice.Apps.InstalledApps,,,(Binary data),,2024-12-10 08:02:08,,,2024-12-10 08:02:08,2024-12-10 08:02:30,2024-12-10 08:02:08,2031-12-09 08:02:30,2024-12-10 08:01:08,182,"[{""application"":""MicrosoftDevice.Apps.InstalledApps"",""platform"":""data_boundary""},{""application"":"""",""platform"":""packageId""},{""application"":"""",""platform"":""alternateId""}]",1,,Fb0thJC0eQBIU7PLHIsPHoOV0SweolFTycQ2eKYtSg0=,,
0b2978a2-d994-1b6a-fc06-d2151084ba10,11,11,MicrosoftDevice.Apps.InstalledApps,,,(Binary data),,2024-12-10 08:02:08,,,2024-12-10 08:02:08,2024-12-10 08:02:32,2024-12-10 08:02:08,2031-12-09 08:02:32,2024-12-10 08:01:08,183,"[{""application"":""MicrosoftDevice.Apps.InstalledApps"",""platform"":""data_boundary""},{""application"":"""",""platform"":""packageId""},{""application"":"""",""platform"":""alternateId""}]",1,,Fb0thJC0eQBIU7PLHIsPHoOV0SweolFTycQ2eKYtSg0=,,
3d0f6803-9f38-c693-fabf-be602bebd655,11,11,MicrosoftDevice.Apps.InstalledApps,,,(Binary data),,2024-12-10 08:02:08,,,2024-12-10 08:02:08,2024-12-10 08:02:34,2024-12-10 08:02:08,2031-12-09 08:02:34,2024-12-10 08:01:08,184,"[{""application"":""MicrosoftDevice.Apps.InstalledApps"",""platform"":""data_boundary""},{""application"":"""",""platform"":""packageId""},{""application"":"""",""platform"":""alternateId""}]",1,,Fb0thJC0eQBIU7PLHIsPHoOV0SweolFTycQ2eKYtSg0=,,
36c6a82f-8e0a-752f-e6bd-e2aad815b7a1,11,11,MicrosoftDevice.Apps.InstalledApps,,,(Binary data),,2024-12-10 08:02:09,,,2024-12-10 08:02:09,2024-12-10 08:02:36,2024-12-10 08:02:09,2031-12-09 08:02:36,2024-12-10 08:01:09,185,"[{""application"":""MicrosoftDevice.Apps.InstalledApps"",""platform"":""data_boundary""},{""application"":"""",""platform"":""packageId""},{""application"":"""",""platform"":""alternateId""}]",1,,Fb0thJC0eQBIU7PLHIsPHoOV0SweolFTycQ2eKYtSg0=,,
d7b6b50e-f152-acab-c3ba-f8601efd4b9a,11,11,MicrosoftDevice.Apps.InstalledApps,,,(Binary data),,2024-12-10 08:02:09,,,2024-12-10 08:02:09,2024-12-10 08:02:38,2024-12-10 08:02:09,2031-12-09 08:02:38,2024-12-10 08:01:09,186,"[{""application"":""MicrosoftDevice.Apps.InstalledApps"",""platform"":""data_boundary""},{""application"":"""",""platform"":""packageId""},{""application"":"""",""platform"":""alternateId""}]",1,,Fb0thJC0eQBIU7PLHIsPHoOV0SweolFTycQ2eKYtSg0=,,
54653809-6c1a-88c0-dbd5-a13650d6b75e,11,11,MicrosoftDevice.Apps.InstalledApps,,,(Binary data),,2024-12-10 08:02:09,,,2024-12-10 08:02:09,2024-12-10 08:02:40,2024-12-10 08:02:09,2031-12-09 08:02:40,2024-12-10 08:01:09,187,"[{""application"":""MicrosoftDevice.Apps.InstalledApps"",""platform"":""data_boundary""},{""application"":"""",""platform"":""packageId""},{""application"":"""",""platform"":""alternateId""}]",1,,Fb0thJC0eQBIU7PLHIsPHoOV0SweolFTycQ2eKYtSg0=,,
c199b172-6e3a-8d38-cc93-b0366216572a,11,11,MicrosoftDevice.Apps.InstalledApps,,,(Binary data),,2024-12-10 08:02:10,,,2024-12-10 08:02:10,2024-12-10 08:02:42,2024-12-10 08:02:10,2031-12-09 08:02:42,2024-12-10 08:01:10,188,"[{""application"":""MicrosoftDevice.Apps.InstalledApps"",""platform"":""data_boundary""},{""application"":"""",""platform"":""packageId""},{""application"":"""",""platform"":""alternateId""}]",1,,Fb0thJC0eQBIU7PLHIsPHoOV0SweolFTycQ2eKYtSg0=,,
0c7ee239-ee6d-e7a7-0f52-5990f143c263,11,11,MicrosoftDevice.Apps.InstalledApps,,,(Binary data),,2024-12-10 08:02:10,,,2024-12-10 08:02:10,2024-12-10 08:02:44,2024-12-10 08:02:10,2031-12-09 08:02:44,2024-12-10 08:01:10,189,"[{""application"":""MicrosoftDevice.Apps.InstalledApps"",""platform"":""data_boundary""},{""application"":"""",""platform"":""packageId""},{""application"":"""",""platform"":""alternateId""}]",1,,Fb0thJC0eQBIU7PLHIsPHoOV0SweolFTycQ2eKYtSg0=,,
f1dd0005-f0b2-fd4d-6e5a-a4114af0465f,11,11,MicrosoftDevice.Apps.InstalledApps,,,(Binary data),,2024-12-10 08:02:10,,,2024-12-10 08:02:10,2024-12-10 08:02:46,2024-12-10 08:02:10,2031-12-09 08:02:46,2024-12-10 08:01:10,190,"[{""application"":""MicrosoftDevice.Apps.InstalledApps"",""platform"":""data_boundary""},{""application"":"""",""platform"":""packageId""},{""application"":"""",""platform"":""alternateId""}]",1,,Fb0thJC0eQBIU7PLHIsPHoOV0SweolFTycQ2eKYtSg0=,,
0f4b81df-896f-b376-e819-399f5c8a0475,11,11,MicrosoftDevice.Apps.InstalledApps,,,(Binary data),,2024-12-10 08:02:11,,,2024-12-10 08:02:11,2024-12-10 08:02:48,2024-12-10 08:02:11,2031-12-09 08:02:48,2024-12-10 08:01:11,191,"[{""application"":""MicrosoftDevice.Apps.InstalledApps"",""platform"":""data_boundary""},{""application"":"""",""platform"":""packageId""},{""application"":"""",""platform"":""alternateId""}]",1,,Fb0thJC0eQBIU7PLHIsPHoOV0SweolFTycQ2eKYtSg0=,,
1539d1dd-f78d-d289-e490-35688e36d86c,11,11,MicrosoftDevice.Apps.InstalledApps,,,(Binary data),,2024-12-10 08:02:11,,,2024-12-10 08:02:11,2024-12-10 08:02:50,2024-12-10 08:02:11,2031-12-09 08:02:50,2024-12-10 08:01:11,192,"[{""application"":""MicrosoftDevice.Apps.InstalledApps"",""platform"":""data_boundary""},{""application"":"""",""platform"":""packageId""},{""application"":"""",""platform"":""alternateId""}]",1,,Fb0thJC0eQBIU7PLHIsPHoOV0SweolFTycQ2eKYtSg0=,,
05ef4475-ec91-ff1c-4fcf-db7cb3a1a595,11,11,MicrosoftDevice.Apps.InstalledApps,,,(Binary data),,2024-12-10 08:02:11,,,2024-12-10 08:02:11,2024-12-10 08:02:52,2024-12-10 08:02:11,2031-12-09 08:02:52,2024-12-10 08:01:11,193,"[{""application"":""MicrosoftDevice.Apps.InstalledApps"",""platform"":""data_boundary""},{""application"":"""",""platform"":""packageId""},{""application"":"""",""platform"":""alternateId""}]",1,,Fb0thJC0eQBIU7PLHIsPHoOV0SweolFTycQ2eKYtSg0=,,
89e77bac-0520-44f7-c1d0-e9f4ba050e9d,11,11,MicrosoftDevice.Apps.InstalledApps,,,(Binary data),,2024-12-10 08:02:11,,,2024-12-10 08:02:11,2024-12-10 08:02:54,2024-12-10 08:02:11,2031-12-09 08:02:54,2024-12-10 08:01:11,194,"[{""application"":""MicrosoftDevice.Apps.InstalledApps"",""platform"":""data_boundary""},{""application"":"""",""platform"":""packageId""},{""application"":"""",""platform"":""alternateId""}]",1,,Fb0thJC0eQBIU7PLHIsPHoOV0SweolFTycQ2eKYtSg0=,,
8a8ee0ad-81d0-3ddd-b775-6f9aaa284c93,11,11,MicrosoftDevice.Apps.InstalledApps,,,(Binary data),,2024-12-10 08:02:12,,,2024-12-10 08:02:12,2024-12-10 08:02:56,2024-12-10 08:02:12,2031-12-09 08:02:56,2024-12-10 08:01:12,195,"[{""application"":""MicrosoftDevice.Apps.InstalledApps"",""platform"":""data_boundary""},{""application"":"""",""platform"":""packageId""},{""application"":"""",""platform"":""alternateId""}]",1,,Fb0thJC0eQBIU7PLHIsPHoOV0SweolFTycQ2eKYtSg0=,,
4eaa9967-2ce3-80a4-0872-10a874813b04,11,11,MicrosoftDevice.Apps.InstalledApps,,,(Binary data),,2024-12-10 08:02:12,,,2024-12-10 08:02:12,2024-12-10 08:02:58,2024-12-10 08:02:12,2031-12-09 08:02:58,2024-12-10 08:01:12,196,"[{""application"":""MicrosoftDevice.Apps.InstalledApps"",""platform"":""data_boundary""},{""application"":"""",""platform"":""packageId""},{""application"":"""",""platform"":""alternateId""}]",1,,Fb0thJC0eQBIU7PLHIsPHoOV0SweolFTycQ2eKYtSg0=,,
85626f5b-1f0d-2550-35f6-c76ca1021e90,11,11,MicrosoftDevice.Apps.InstalledApps,,,(Binary data),,2024-12-10 08:02:12,,,2024-12-10 08:02:12,2024-12-10 08:03:00,2024-12-10 08:02:12,2031-12-09 08:03:00,2024-12-10 08:01:12,197,"[{""application"":""MicrosoftDevice.Apps.InstalledApps"",""platform"":""data_boundary""},{""application"":"""",""platform"":""packageId""},{""application"":"""",""platform"":""alternateId""}]",1,,Fb0thJC0eQBIU7PLHIsPHoOV0SweolFTycQ2eKYtSg0=,,
1809e0af-17b3-be48-cae3-45d5a17d1a57,11,11,MicrosoftDevice.Apps.InstalledApps,,,(Binary data),,2024-12-10 08:02:13,,,2024-12-10 08:02:13,2024-12-10 08:03:02,2024-12-10 08:02:13,2031-12-09 08:03:02,2024-12-10 08:01:13,198,"[{""application"":""MicrosoftDevice.Apps.InstalledApps"",""platform"":""data_boundary""},{""application"":"""",""platform"":""packageId""},{""application"":"""",""platform"":""alternateId""}]",1,,Fb0thJC0eQBIU7PLHIsPHoOV0SweolFTycQ2eKYtSg0=,,
b556ba01-49de-9f55-c1cc-9b4a940301b1,11,11,MicrosoftDevice.Apps.InstalledApps,,,(Binary data),,2024-12-10 08:02:13,,,2024-12-10 08:02:13,2024-12-10 08:03:04,2024-12-10 08:02:13,2031-12-09 08:03:04,2024-12-10 08:01:13,199,"[{""application"":""MicrosoftDevice.Apps.InstalledApps"",""platform"":""data_boundary""},{""application"":"""",""platform"":""packageId""},{""application"":"""",""platform"":""alternateId""}]",1,,Fb0thJC0eQBIU7PLHIsPHoOV0SweolFTycQ2eKYtSg0=,,
32b6fd4f-ba00-94a7-54a5-4188e9d2b2e2,11,11,MicrosoftDevice.Apps.InstalledApps,,,(Binary data),,2024-12-10 08:02:13,,,2024-12-10 08:02:13,2024-12-10 08:03:06,2024-12-10 08:02:13,2031-12-09 08:03:06,2024-12-10 08:01:13,200,"[{""application"":""MicrosoftDevice.Apps.InstalledApps"",""platform"":""data_boundary""},{""application"":"""",""platform"":""packageId""},{""application"":"""",""platform"":""alternateId""}]",1,,Fb0thJC0eQBIU7PLHIsPHoOV0SweolFTycQ2eKYtSg0=,,
724ad7d6-273b-5b8b-e02a-6678450042ac,11,11,MicrosoftDevice.Apps.InstalledApps,,,(Binary data),,2024-12-10 08:02:14,,,2024-12-10 08:02:14,2024-12-10 08:03:08,2024-12-10 08:02:14,2031-12-09 08:03:08,2024-12-10 08:01:14,201,"[{""application"":""MicrosoftDevice.Apps.InstalledApps"",""platform"":""data_boundary""},{""application"":"""",""platform"":""packageId""},{""application"":"""",""platform"":""alternateId""}]",1,,Fb0thJC0eQBIU7PLHIsPHoOV0SweolFTycQ2eKYtSg0=,,
8358d8d3-0a49-7c67-d180-2a9d473c3723,11,11,MicrosoftDevice.Apps.InstalledApps,,,(Binary data),,2024-12-10 08:02:14,,,2024-12-10 08:02:14,2024-12-10 08:03:10,2024-12-10 08:02:14,2031-12-09 08:03:10,2024-12-10 08:01:14,202,"[{""application"":""MicrosoftDevice.Apps.InstalledApps"",""platform"":""data_boundary""},{""application"":"""",""platform"":""packageId""},{""application"":"""",""platform"":""alternateId""}]",1,,Fb0thJC0eQBIU7PLHIsPHoOV0SweolFTycQ2eKYtSg0=,,
f389983d-295e-d106-a4c0-17c978b3319b,11,11,MicrosoftDevice.Apps.InstalledApps,,,(Binary data),,2024-12-10 08:02:14,,,2024-12-10 08:02:14,2024-12-10 08:03:12,2024-12-10 08:02:14,2031-12-09 08:03:12,2024-12-10 08:01:14,203,"[{""application"":""MicrosoftDevice.Apps.InstalledApps"",""platform"":""data_boundary""},{""application"":"""",""platform"":""packageId""},{""application"":"""",""platform"":""alternateId""}]",1,,Fb0thJC0eQBIU7PLHIsPHoOV0SweolFTycQ2eKYtSg0=,,
69563c24-6f05-fdd6-8128-05a3fd9ca905,11,11,MicrosoftDevice.Apps.InstalledApps,,,(Binary data),,2024-12-10 08:02:15,,,2024-12-10 08:02:15,2024-12-10 08:03:14,2024-12-10 08:02:15,2031-12-09 08:03:14,2024-12-10 08:01:15,204,"[{""application"":""MicrosoftDevice.Apps.InstalledApps"",""platform"":""data_boundary""},{""application"":"""",""platform"":""packageId""},{""application"":"""",""platform"":""alternateId""}]",1,,Fb0thJC0eQBIU7PLHIsPHoOV0SweolFTycQ2eKYtSg0=,,
11641fa2-f68e-2a2c-7183-41671d62eb69,11,11,MicrosoftDevice.Apps.InstalledApps,,,(Binary data),,2024-12-10 08:02:15,,,2024-12-10 08:02:15,2024-12-10 08:03:16,2024-12-10 08:02:15,2031-12-09 08:03:16,2024-12-10 08:01:15,205,"[{""application"":""MicrosoftDevice.Apps.InstalledApps"",""platform"":""data_boundary""},{""application"":"""",""platform"":""packageId""},{""application"":"""",""platform"":""alternateId""}]",1,,Fb0thJC0eQBIU7PLHIsPHoOV0SweolFTycQ2eKYtSg0=,,
9a38f2cb-0a8e-b4f7-8718-9845428ab4a4,11,11,MicrosoftDevice.Apps.InstalledApps,,,(Binary data),,2024-12-10 08:02:15,,,2024-12-10 08:02:15,2024-12-10 08:03:18,2024-12-10 08:02:15,2031-12-09 08:03:18,2024-12-10 08:01:15,206,"[{""application"":""MicrosoftDevice.Apps.InstalledApps"",""platform"":""data_boundary""},{""application"":"""",""platform"":""packageId""},{""application"":"""",""platform"":""alternateId""}]",1,,Fb0thJC0eQBIU7PLHIsPHoOV0SweolFTycQ2eKYtSg0=,,
29573a7e-ca42-0dac-c9ce-b9d0afd42ba3,11,11,MicrosoftDevice.Apps.InstalledApps,,,(Binary data),,2024-12-10 08:02:16,,,2024-12-10 08:02:16,2024-12-10 08:03:20,2024-12-10 08:02:16,2031-12-09 08:03:20,2024-12-10 08:01:16,207,"[{""application"":""MicrosoftDevice.Apps.InstalledApps"",""platform"":""data_boundary""},{""application"":"""",""platform"":""packageId""},{""application"":"""",""platform"":""alternateId""}]",1,,Fb0thJC0eQBIU7PLHIsPHoOV0SweolFTycQ2eKYtSg0=,,
d267db16-31ba-89cd-25b4-ceb66425322c,11,11,MicrosoftDevice.Apps.InstalledApps,,,(Binary data),,2024-12-10 08:02:16,,,2024-12-10 08:02:16,2024-12-10 08:03:22,2024-12-10 08:02:16,2031-12-09 08:03:22,2024-12-10 08:01:16,208,"[{""application"":""MicrosoftDevice.Apps.InstalledApps"",""platform"":""data_boundary""},{""application"":"""",""platform"":""packageId""},{""application"":"""",""platform"":""alternateId""}]",1,,Fb0thJC0eQBIU7PLHIsPHoOV0SweolFTycQ2eKYtSg0=,,
e853de2e-be5e-6524-24e9-7bf3905c0899,11,11,MicrosoftDevice.Apps.InstalledApps,,,(Binary data),,2024-12-10 08:02:16,,,2024-12-10 08:02:16,2024-12-10 08:03:24,2024-12-10 08:02:16,2031-12-09 08:03:24,2024-12-10 08:01:16,209,"[{""application"":""MicrosoftDevice.Apps.InstalledApps"",""platform"":""data_boundary""},{""application"":"""",""platform"":""packageId""},{""application"":"""",""platform"":""alternateId""}]",1,,Fb0thJC0eQBIU7PLHIsPHoOV0SweolFTycQ2eKYtSg0=,,
dae3c94d-fd0d-719e-7b56-5047e4d79f49,11,11,MicrosoftDevice.Apps.InstalledApps,,,(Binary data),,2024-12-10 08:02:16,,,2024-12-10 08:02:16,2024-12-10 08:03:26,2024-12-10 08:02:16,2031-12-09 08:03:26,2024-12-10 08:01:16,210,"[{""application"":""MicrosoftDevice.Apps.InstalledApps"",""platform"":""data_boundary""},{""application"":"""",""platform"":""packageId""},{""application"":"""",""platform"":""alternateId""}]",1,,Fb0thJC0eQBIU7PLHIsPHoOV0SweolFTycQ2eKYtSg0=,,
c8f8c28e-080b-b8c1-c463-d42827a39d45,11,11,MicrosoftDevice.Apps.InstalledApps,,,(Binary data),,2024-12-10 08:02:17,,,2024-12-10 08:02:17,2024-12-10 08:03:28,2024-12-10 08:02:17,2031-12-09 08:03:28,2024-12-10 08:01:17,211,"[{""application"":""MicrosoftDevice.Apps.InstalledApps"",""platform"":""data_boundary""},{""application"":"""",""platform"":""packageId""},{""application"":"""",""platform"":""alternateId""}]",1,,Fb0thJC0eQBIU7PLHIsPHoOV0SweolFTycQ2eKYtSg0=,,
586ac568-6e54-7291-0865-77e9d14219fc,11,11,MicrosoftDevice.Apps.InstalledApps,,,(Binary data),,2024-12-10 08:02:17,,,2024-12-10 08:02:17,2024-12-10 08:03:30,2024-12-10 08:02:17,2031-12-09 08:03:30,2024-12-10 08:01:17,212,"[{""application"":""MicrosoftDevice.Apps.InstalledApps"",""platform"":""data_boundary""},{""application"":"""",""platform"":""packageId""},{""application"":"""",""platform"":""alternateId""}]",1,,Fb0thJC0eQBIU7PLHIsPHoOV0SweolFTycQ2eKYtSg0=,,
032d1108-6b08-dede-573e-7d5e859b15e8,11,11,MicrosoftDevice.Apps.InstalledApps,,,(Binary data),,2024-12-10 08:02:17,,,2024-12-10 08:02:17,2024-12-10 08:03:32,2024-12-10 08:02:17,2031-12-09 08:03:32,2024-12-10 08:01:17,213,"[{""application"":""MicrosoftDevice.Apps.InstalledApps"",""platform"":""data_boundary""},{""application"":"""",""platform"":""packageId""},{""application"":"""",""platform"":""alternateId""}]",1,,Fb0thJC0eQBIU7PLHIsPHoOV0SweolFTycQ2eKYtSg0=,,
fbad1cc5-8078-620f-d447-d470a21dd3a3,11,11,MicrosoftDevice.Apps.InstalledApps,,,(Binary data),,2024-12-10 08:02:18,,,2024-12-10 08:02:18,2024-12-10 08:03:34,2024-12-10 08:02:18,2031-12-09 08:03:34,2024-12-10 08:01:18,214,"[{""application"":""MicrosoftDevice.Apps.InstalledApps"",""platform"":""data_boundary""},{""application"":"""",""platform"":""packageId""},{""application"":"""",""platform"":""alternateId""}]",1,,Fb0thJC0eQBIU7PLHIsPHoOV0SweolFTycQ2eKYtSg0=,,
104c5e8f-89ec-9a9b-0dd0-ddf49f0daafd,11,11,MicrosoftDevice.Apps.InstalledApps,,,(Binary data),,2024-12-10 08:02:18,,,2024-12-10 08:02:18,2024-12-10 08:03:36,2024-12-10 08:02:18,2031-12-09 08:03:36,2024-12-10 08:01:18,215,"[{""application"":""MicrosoftDevice.Apps.InstalledApps"",""platform"":""data_boundary""},{""application"":"""",""platform"":""packageId""},{""application"":"""",""platform"":""alternateId""}]",1,,Fb0thJC0eQBIU7PLHIsPHoOV0SweolFTycQ2eKYtSg0=,,
8a8d9c07-83d6-4069-e440-39d8f3d47bdd,11,11,MicrosoftDevice.Apps.InstalledApps,,,(Binary data),,2024-12-10 08:02:18,,,2024-12-10 08:02:18,2024-12-10 08:03:38,2024-12-10 08:02:18,2031-12-09 08:03:38,2024-12-10 08:01:18,216,"[{""application"":""MicrosoftDevice.Apps.InstalledApps"",""platform"":""data_boundary""},{""application"":"""",""platform"":""packageId""},{""application"":"""",""platform"":""alternateId""}]",1,,Fb0thJC0eQBIU7PLHIsPHoOV0SweolFTycQ2eKYtSg0=,,
5e6484c8-e36a-7072-a0b4-d89d55b2f823,11,11,MicrosoftDevice.Apps.InstalledApps,,,(Binary data),,2024-12-10 08:02:19,,,2024-12-10 08:02:19,2024-12-10 08:03:40,2024-12-10 08:02:19,2031-12-09 08:03:40,2024-12-10 08:01:19,217,"[{""application"":""MicrosoftDevice.Apps.InstalledApps"",""platform"":""data_boundary""},{""application"":"""",""platform"":""packageId""},{""application"":"""",""platform"":""alternateId""}]",1,,Fb0thJC0eQBIU7PLHIsPHoOV0SweolFTycQ2eKYtSg0=,,
87c1617c-cc6a-2285-a266-af5d6ba586bf,11,11,MicrosoftDevice.Apps.InstalledApps,,,(Binary data),,2024-12-11 10:42:32,,,2024-12-11 10:42:32,2024-12-11 10:48:32,2024-12-11 10:48:32,2031-12-10 10:48:32,2024-12-11 10:47:32,224,"[{""application"":""MicrosoftDevice.Apps.InstalledApps"",""platform"":""data_boundary""},{""application"":"""",""platform"":""packageId""},{""application"":"""",""platform"":""alternateId""}]",1,,Fb0thJC0eQBIU7PLHIsPHoOV0SweolFTycQ2eKYtSg0=,,
68bcc545-c7e5-53cd-fd47-abab2f0bc86f,11,11,MicrosoftDevice.Apps.InstalledApps,,,(Binary data),,2024-12-06 10:26:27,,,2024-12-06 10:26:27,2024-12-11 10:58:32,2024-12-11 10:58:32,2031-12-10 10:58:32,2024-12-11 10:57:32,229,"[{""application"":""MicrosoftDevice.Apps.InstalledApps"",""platform"":""data_boundary""},{""application"":"""",""platform"":""packageId""},{""application"":"""",""platform"":""alternateId""}]",1,,Fb0thJC0eQBIU7PLHIsPHoOV0SweolFTycQ2eKYtSg0=,,
1ba33b76-1e1e-dc02-ac09-17c655a66398,11,11,MicrosoftDevice.Apps.InstalledApps,,,(Binary data),,2024-12-06 10:28:03,,,2024-12-06 10:28:03,2024-12-11 10:58:34,2024-12-11 10:58:32,2031-12-10 10:58:34,2024-12-11 10:57:32,230,"[{""application"":""MicrosoftDevice.Apps.InstalledApps"",""platform"":""data_boundary""},{""application"":"""",""platform"":""packageId""},{""application"":"""",""platform"":""alternateId""}]",1,,Fb0thJC0eQBIU7PLHIsPHoOV0SweolFTycQ2eKYtSg0=,,
d5127d84-4855-6d89-70cd-e3da6c291f1c,11,11,MicrosoftDevice.Default.Platform,,,(Binary data),,2024-12-06 10:07:53,,,2024-12-06 10:07:54,2024-12-24 07:38:54,2024-12-24 07:38:53,2031-12-23 07:38:54,2024-12-24 07:37:53,232,"[{""application"":""MicrosoftDevice.Default.Platform"",""platform"":""data_boundary""},{""application"":"""",""platform"":""packageId""},{""application"":"""",""platform"":""alternateId""}]",1,,Fb0thJC0eQBIU7PLHIsPHoOV0SweolFTycQ2eKYtSg0=,,
d20a2c36-96ba-2e22-40d1-5af619764840,11,11,MicrosoftDevice.Apps.InstalledApps,,,(Binary data),,2024-12-06 10:08:26,,,2024-12-06 10:08:26,2024-12-24 07:39:18,2024-12-24 07:39:16,2031-12-05 10:08:28,2024-12-24 07:38:16,233,"[{""application"":""MicrosoftDevice.Apps.InstalledApps"",""platform"":""data_boundary""},{""application"":"""",""platform"":""packageId""},{""application"":"""",""platform"":""alternateId""}]",1,,Fb0thJC0eQBIU7PLHIsPHoOV0SweolFTycQ2eKYtSg0=,,
6449310e-8467-5c61-8cc1-eca90a445308,11,11,MicrosoftDevice.Apps.InstalledApps,,,(Binary data),,2024-12-24 07:49:13,,,2024-12-24 07:49:13,2024-12-24 07:49:14,2024-12-24 07:49:13,2031-12-23 07:49:12,2024-12-24 07:48:13,234,"[{""application"":""MicrosoftDevice.Apps.InstalledApps"",""platform"":""data_boundary""},{""application"":"""",""platform"":""packageId""},{""application"":"""",""platform"":""alternateId""}]",1,,Fb0thJC0eQBIU7PLHIsPHoOV0SweolFTycQ2eKYtSg0=,,
62f403f0-3473-0a74-d904-f61b9d3ce80a,11,11,MicrosoftDevice.Apps.InstalledApps,,,(Binary data),,2024-12-10 05:44:49,,,2024-12-10 05:44:49,2024-12-24 07:49:22,2024-12-24 07:49:13,2031-12-23 07:49:22,2024-12-24 07:48:13,235,"[{""application"":""MicrosoftDevice.Apps.InstalledApps"",""platform"":""data_boundary""},{""application"":"""",""platform"":""packageId""},{""application"":"""",""platform"":""alternateId""}]",1,,Fb0thJC0eQBIU7PLHIsPHoOV0SweolFTycQ2eKYtSg0=,,
cac3f47f-48af-6110-ae06-94f65b98ce39,11,11,MicrosoftDevice.Apps.InstalledApps,,,(Binary data),,2024-12-10 05:44:50,,,2024-12-10 05:44:50,2024-12-24 07:49:28,2024-12-24 07:49:13,2031-12-23 07:49:28,2024-12-24 07:48:13,236,"[{""application"":""MicrosoftDevice.Apps.InstalledApps"",""platform"":""data_boundary""},{""application"":"""",""platform"":""packageId""},{""application"":"""",""platform"":""alternateId""}]",1,,Fb0thJC0eQBIU7PLHIsPHoOV0SweolFTycQ2eKYtSg0=,,
9409a2e7-72f9-df49-455d-2cceb34d0af5,11,11,MicrosoftDevice.Apps.InstalledApps,,,(Binary data),,2024-12-10 05:44:50,,,2024-12-10 05:44:50,2024-12-24 07:49:34,2024-12-24 07:49:13,2031-12-23 07:49:32,2024-12-24 07:48:13,237,"[{""application"":""MicrosoftDevice.Apps.InstalledApps"",""platform"":""data_boundary""},{""application"":"""",""platform"":""packageId""},{""application"":"""",""platform"":""alternateId""}]",1,,Fb0thJC0eQBIU7PLHIsPHoOV0SweolFTycQ2eKYtSg0=,,
e966e860-09d3-998b-fda3-d4637574d646,11,11,MicrosoftDevice.Apps.InstalledApps,,,(Binary data),,2024-12-10 05:44:51,,,2024-12-10 05:44:51,2024-12-24 07:49:40,2024-12-24 07:49:13,2031-12-09 05:45:15,2024-12-24 07:48:13,238,"[{""application"":""MicrosoftDevice.Apps.InstalledApps"",""platform"":""data_boundary""},{""application"":"""",""platform"":""packageId""},{""application"":"""",""platform"":""alternateId""}]",1,,Fb0thJC0eQBIU7PLHIsPHoOV0SweolFTycQ2eKYtSg0=,,
d536c15d-fdb9-994e-8ed3-fe84b0ca6f87,11,11,MicrosoftDevice.Apps.InstalledApps,,,(Binary data),,2024-12-10 05:44:51,,,2024-12-10 05:44:51,2024-12-24 07:49:46,2024-12-24 07:49:13,2031-12-23 07:49:46,2024-12-24 07:48:13,239,"[{""application"":""MicrosoftDevice.Apps.InstalledApps"",""platform"":""data_boundary""},{""application"":"""",""platform"":""packageId""},{""application"":"""",""platform"":""alternateId""}]",1,,Fb0thJC0eQBIU7PLHIsPHoOV0SweolFTycQ2eKYtSg0=,,
8df0f5f9-8d72-dfaa-4854-ae548dfeb954,11,11,MicrosoftDevice.Apps.InstalledApps,,,(Binary data),,2024-12-10 05:44:51,,,2024-12-10 05:44:51,2024-12-24 07:49:52,2024-12-24 07:49:14,2031-12-23 07:49:52,2024-12-24 07:48:14,240,"[{""application"":""MicrosoftDevice.Apps.InstalledApps"",""platform"":""data_boundary""},{""application"":"""",""platform"":""packageId""},{""application"":"""",""platform"":""alternateId""}]",1,,Fb0thJC0eQBIU7PLHIsPHoOV0SweolFTycQ2eKYtSg0=,,
d1a411f6-0762-afc1-e221-59148e9bc138,11,11,MicrosoftDevice.Apps.InstalledApps,,,(Binary data),,2024-12-06 10:39:56,,,2024-12-06 10:39:56,2024-12-24 07:49:58,2024-12-24 07:49:14,2031-12-23 07:49:58,2024-12-24 07:48:14,241,"[{""application"":""MicrosoftDevice.Apps.InstalledApps"",""platform"":""data_boundary""},{""application"":"""",""platform"":""packageId""},{""application"":"""",""platform"":""alternateId""}]",1,,Fb0thJC0eQBIU7PLHIsPHoOV0SweolFTycQ2eKYtSg0=,,
89dcd2bf-1a1f-0625-b6e5-9e39705a00c8,11,11,MicrosoftDevice.Apps.InstalledApps,,,(Binary data),,2024-12-10 05:44:52,,,2024-12-10 05:44:52,2024-12-24 07:50:02,2024-12-24 07:49:14,2031-12-09 05:45:39,2024-12-24 07:48:14,242,"[{""application"":""MicrosoftDevice.Apps.InstalledApps"",""platform"":""data_boundary""},{""application"":"""",""platform"":""packageId""},{""application"":"""",""platform"":""alternateId""}]",1,,Fb0thJC0eQBIU7PLHIsPHoOV0SweolFTycQ2eKYtSg0=,,
9ea88f7d-304c-5246-f53f-8ee0176df98a,11,11,MicrosoftDevice.Apps.InstalledApps,,,(Binary data),,2024-12-10 05:44:52,,,2024-12-10 05:44:52,2024-12-24 07:50:09,2024-12-24 07:49:14,2031-12-09 05:45:45,2024-12-24 07:48:14,243,"[{""application"":""MicrosoftDevice.Apps.InstalledApps"",""platform"":""data_boundary""},{""application"":"""",""platform"":""packageId""},{""application"":"""",""platform"":""alternateId""}]",1,,Fb0thJC0eQBIU7PLHIsPHoOV0SweolFTycQ2eKYtSg0=,,
301027a3-82d5-bd36-2b0d-2d16d25d80a1,11,11,MicrosoftDevice.Apps.InstalledApps,,,(Binary data),,2024-12-06 10:39:56,,,2024-12-06 10:39:56,2024-12-24 07:50:16,2024-12-24 07:49:14,2031-12-23 07:50:16,2024-12-24 07:48:14,244,"[{""application"":""MicrosoftDevice.Apps.InstalledApps"",""platform"":""data_boundary""},{""application"":"""",""platform"":""packageId""},{""application"":"""",""platform"":""alternateId""}]",1,,Fb0thJC0eQBIU7PLHIsPHoOV0SweolFTycQ2eKYtSg0=,,
261ec245-f974-73aa-f329-0a88d631174e,11,11,MicrosoftDevice.Apps.InstalledApps,,,(Binary data),,2024-12-10 05:44:52,,,2024-12-10 05:44:52,2024-12-24 07:50:22,2024-12-24 07:49:14,2031-12-23 07:50:22,2024-12-24 07:48:14,245,"[{""application"":""MicrosoftDevice.Apps.InstalledApps"",""platform"":""data_boundary""},{""application"":"""",""platform"":""packageId""},{""application"":"""",""platform"":""alternateId""}]",1,,Fb0thJC0eQBIU7PLHIsPHoOV0SweolFTycQ2eKYtSg0=,,
9055d676-de3d-9dd0-4e0f-866ca148c780,11,11,MicrosoftDevice.Apps.InstalledApps,,,(Binary data),,2024-12-10 05:44:53,,,2024-12-10 05:44:53,2024-12-24 07:50:28,2024-12-24 07:49:14,2031-12-23 07:50:28,2024-12-24 07:48:14,246,"[{""application"":""MicrosoftDevice.Apps.InstalledApps"",""platform"":""data_boundary""},{""application"":"""",""platform"":""packageId""},{""application"":"""",""platform"":""alternateId""}]",1,,Fb0thJC0eQBIU7PLHIsPHoOV0SweolFTycQ2eKYtSg0=,,
a4d47f69-86bf-17f7-8faf-bc1e247564bc,11,11,MicrosoftDevice.Apps.InstalledApps,,,(Binary data),,2024-12-06 13:23:28,,,2024-12-06 13:23:28,2024-12-24 07:50:40,2024-12-24 07:49:15,2031-12-09 05:46:07,2024-12-24 07:48:15,247,"[{""application"":""MicrosoftDevice.Apps.InstalledApps"",""platform"":""data_boundary""},{""application"":"""",""platform"":""packageId""},{""application"":"""",""platform"":""alternateId""}]",1,,Fb0thJC0eQBIU7PLHIsPHoOV0SweolFTycQ2eKYtSg0=,,
10f59b86-560b-40df-a0bf-d51b9d14733e,11,11,MicrosoftDevice.Apps.InstalledApps,,,(Binary data),,2024-12-10 05:44:53,,,2024-12-10 05:44:53,2024-12-24 07:50:46,2024-12-24 07:49:15,2031-12-23 07:50:46,2024-12-24 07:48:15,248,"[{""application"":""MicrosoftDevice.Apps.InstalledApps"",""platform"":""data_boundary""},{""application"":"""",""platform"":""packageId""},{""application"":"""",""platform"":""alternateId""}]",1,,Fb0thJC0eQBIU7PLHIsPHoOV0SweolFTycQ2eKYtSg0=,,
764cded9-00ed-2dd8-d01f-9d5d411cc961,11,11,MicrosoftDevice.Apps.InstalledApps,,,(Binary data),,2024-12-10 05:44:54,,,2024-12-10 05:44:54,2024-12-24 07:50:52,2024-12-24 07:49:15,2031-12-09 05:46:27,2024-12-24 07:48:15,249,"[{""application"":""MicrosoftDevice.Apps.InstalledApps"",""platform"":""data_boundary""},{""application"":"""",""platform"":""packageId""},{""application"":"""",""platform"":""alternateId""}]",1,,Fb0thJC0eQBIU7PLHIsPHoOV0SweolFTycQ2eKYtSg0=,,
edaf3a7d-3920-7314-1670-6ddbdc493beb,11,11,MicrosoftDevice.Apps.InstalledApps,,,(Binary data),,2024-12-10 05:44:54,,,2024-12-10 05:44:54,2024-12-24 07:50:58,2024-12-24 07:49:15,2031-12-23 07:50:58,2024-12-24 07:48:15,250,"[{""application"":""MicrosoftDevice.Apps.InstalledApps"",""platform"":""data_boundary""},{""application"":"""",""platform"":""packageId""},{""application"":"""",""platform"":""alternateId""}]",1,,Fb0thJC0eQBIU7PLHIsPHoOV0SweolFTycQ2eKYtSg0=,,
6b8dba6f-3e13-935d-5a65-ed4937e372a6,11,11,MicrosoftDevice.Apps.InstalledApps,,,(Binary data),,2024-12-10 05:44:55,,,2024-12-10 05:44:55,2024-12-24 07:51:04,2024-12-24 07:49:15,2031-12-23 07:51:04,2024-12-24 07:48:15,251,"[{""application"":""MicrosoftDevice.Apps.InstalledApps"",""platform"":""data_boundary""},{""application"":"""",""platform"":""packageId""},{""application"":"""",""platform"":""alternateId""}]",1,,Fb0thJC0eQBIU7PLHIsPHoOV0SweolFTycQ2eKYtSg0=,,
28ca588b-10ee-5cd5-12b1-570a8cd6fa9b,11,11,MicrosoftDevice.Apps.InstalledApps,,,(Binary data),,2024-12-10 05:44:55,,,2024-12-10 05:44:55,2024-12-24 07:51:26,2024-12-24 07:49:15,2031-12-09 05:46:51,2024-12-24 07:48:15,254,"[{""application"":""MicrosoftDevice.Apps.InstalledApps"",""platform"":""data_boundary""},{""application"":"""",""platform"":""packageId""},{""application"":"""",""platform"":""alternateId""}]",1,,Fb0thJC0eQBIU7PLHIsPHoOV0SweolFTycQ2eKYtSg0=,,
46fd9aa5-c48b-acb2-5cb2-6eb59cef46e9,11,11,MicrosoftDevice.Apps.InstalledApps,,,(Binary data),,2024-12-10 05:44:56,,,2024-12-10 05:44:56,2024-12-24 07:51:32,2024-12-24 07:49:16,2031-12-09 05:47:09,2024-12-24 07:48:16,256,"[{""application"":""MicrosoftDevice.Apps.InstalledApps"",""platform"":""data_boundary""},{""application"":"""",""platform"":""packageId""},{""application"":"""",""platform"":""alternateId""}]",1,,Fb0thJC0eQBIU7PLHIsPHoOV0SweolFTycQ2eKYtSg0=,,
ef1d4ebf-08c4-129b-0e7f-d69c653aecd1,11,11,MicrosoftDevice.Apps.InstalledApps,,,(Binary data),,2024-12-06 13:11:59,,,2024-12-06 13:11:59,2024-12-24 07:51:38,2024-12-24 07:49:16,2031-12-23 07:51:38,2024-12-24 07:48:16,257,"[{""application"":""MicrosoftDevice.Apps.InstalledApps"",""platform"":""data_boundary""},{""application"":"""",""platform"":""packageId""},{""application"":"""",""platform"":""alternateId""}]",1,,Fb0thJC0eQBIU7PLHIsPHoOV0SweolFTycQ2eKYtSg0=,,
